﻿<?xml version="1.0" encoding="utf-8"?>
<ReplacementRules>
	<!-- Extended latin -->
	<add oldValue="å" newValue="aa" />
	<add oldValue="æ" newValue="ae" />
	<add oldValue="ø" newValue="oe" />
	<add oldValue="ä" newValue="ae" />
	<add oldValue="ö" newValue="oe" />
	<add oldValue="ü" newValue="ue" />
	<add oldValue="ß" newValue="ss" />
	<add oldValue="Å" newValue="Aa" />
	<add oldValue="Æ" newValue="Ae" />
	<add oldValue="Ø" newValue="Oe" />
	<add oldValue="Ä" newValue="Ae" />
	<add oldValue="Ö" newValue="Oe" />
	<add oldValue="Ü" newValue="Ue" />

	<!-- Cyrillic alphabet -->
	<add oldValue="а" newValue="a" />
	<add oldValue="б" newValue="b" />
	<add oldValue="в" newValue="v" />
	<add oldValue="г" newValue="g" />
	<add oldValue="д" newValue="d" />
	<add oldValue="е" newValue="e" />
	<add oldValue="ё" newValue="oh" />
	<add oldValue="ж" newValue="zh" />
	<add oldValue="з" newValue="z" />
	<add oldValue="и" newValue="i" />
	<add oldValue="й" newValue="j" />
	<add oldValue="к" newValue="k" />
	<add oldValue="л" newValue="l" />
	<add oldValue="м" newValue="m" />
	<add oldValue="н" newValue="n" />
	<add oldValue="о" newValue="o" />
	<add oldValue="п" newValue="p" />
	<add oldValue="р" newValue="r" />
	<add oldValue="с" newValue="s" />
	<add oldValue="т" newValue="t" />
	<add oldValue="у" newValue="u" />
	<add oldValue="ф" newValue="f" />
	<add oldValue="х" newValue="x" />
	<add oldValue="ц" newValue="c" />
	<add oldValue="ч" newValue="ch" />
	<add oldValue="ш" newValue="sh" />
	<add oldValue="щ" newValue="w" />
	<add oldValue="ъ" newValue="qh" />
	<add oldValue="ы" newValue="y" />
	<add oldValue="ь" newValue="q" />
	<add oldValue="э" newValue="eh" />
	<add oldValue="ю" newValue="ju" />
	<add oldValue="я" newValue="ja" />
	<add oldValue="ґ" newValue="g" />
	<add oldValue="є" newValue="e" />
	<add oldValue="і" newValue="i" />
	<add oldValue="ї" newValue="ji" />
	<add oldValue="А" newValue="A" />
	<add oldValue="Б" newValue="B" />
	<add oldValue="В" newValue="V" />
	<add oldValue="Г" newValue="G" />
	<add oldValue="Д" newValue="D" />
	<add oldValue="Е" newValue="E" />
	<add oldValue="Ё" newValue="Oh" />
	<add oldValue="Ж" newValue="Zh" />
	<add oldValue="З" newValue="Z" />
	<add oldValue="И" newValue="I" />
	<add oldValue="Й" newValue="J" />
	<add oldValue="К" newValue="K" />
	<add oldValue="Л" newValue="L" />
	<add oldValue="М" newValue="M" />
	<add oldValue="Н" newValue="N" />
	<add oldValue="О" newValue="O" />
	<add oldValue="П" newValue="P" />
	<add oldValue="Р" newValue="R" />
	<add oldValue="С" newValue="S" />
	<add oldValue="Т" newValue="T" />
	<add oldValue="У" newValue="U" />
	<add oldValue="Ф" newValue="F" />
	<add oldValue="Х" newValue="X" />
	<add oldValue="Ц" newValue="C" />
	<add oldValue="Ч" newValue="Ch" />
	<add oldValue="Ш" newValue="Sh" />
	<add oldValue="Щ" newValue="W" />
	<add oldValue="Ъ" newValue="Qh" />
	<add oldValue="Ы" newValue="Y" />
	<add oldValue="Ь" newValue="Q" />
	<add oldValue="Э" newValue="Eh" />
	<add oldValue="Ю" newValue="Ju" />
	<add oldValue="Я" newValue="Ja" />
	<add oldValue="Ґ" newValue="G" />
	<add oldValue="Є" newValue="E" />
	<add oldValue="І" newValue="I" />
	<add oldValue="Ї" newValue="Ji" />
</ReplacementRules>