<?xml version="1.0" standalone="yes"?>
<mi:PackageInstaller xmlns:mi="http://www.composite.net/ns/management/packageinstaller/1.0">
  <mi:PackageRequirements minimumCompositeVersion="6.1.0.0" maximumCompositeVersion="9.9999.9999.9999" />
  <mi:PackageInformation name="Orckestra.Search.WebsiteSearch" groupName="Orckestra.Search" 
	version="1.0.4" author="Orckestra A/S" website="https://c1.orckestra.com/" 
	readMoreUrl="https://docs.c1.orckestra.com/Orckestra.Search.WebsiteSearch" 
	id="443db04a-af4f-4eda-abdf-41bd052ded91" canBeUninstalled="true" systemLocking="hard" flushOnCompletion="true">
    <TechnicalDetails>Implements the search form and search results view as Razor functions. Requirea a search package (such as Orckestra.Searrch.LuceneNET to be installed as well).</TechnicalDetails>
    <Description>Allows visitors search content on a website by keywords and facets.</Description>
  </mi:PackageInformation>
  <mi:PackageFragmentInstallerBinaries />
  <mi:PackageFragmentInstallers>
    <mi:Add installerType="Composite.Core.PackageSystem.PackageFragmentInstallers.FilePackageFragmentInstaller, Composite" uninstallerType="Composite.Core.PackageSystem.PackageFragmentInstallers.FilePackageFragmentUninstaller, Composite">
      <Files>
        <File sourceFilename="~/Bin/Orckestra.Search.WebsiteSearch.dll" 
			  targetFilename="~/Bin/Orckestra.Search.WebsiteSearch.dll" allowOverwrite="true" />
        <File sourceFilename="~/App_Data/Razor/Orckestra/Search/WebsiteSearch/SearchForm.cshtml"    
			  targetFilename="~/App_Data/Razor/Orckestra/Search/WebsiteSearch/SearchForm.cshtml" allowOverwrite="true" />
        <File sourceFilename="~/App_Data/Razor/Orckestra/Search/WebsiteSearch/SearchResults.cshtml" 
			  targetFilename="~/App_Data/Razor/Orckestra/Search/WebsiteSearch/SearchResults.cshtml" allowOverwrite="true" />
        <File sourceFilename="~/App_Data/Razor/Orckestra/Search/WebsiteSearch/NavbarSearchForm.cshtml" 
			  targetFilename="~/App_Data/Razor/Orckestra/Search/WebsiteSearch/NavbarSearchForm.cshtml" allowOverwrite="true" />
        <File sourceFilename="~/App_GlobalResources/Orckestra/Search/WebsiteSearch.resx" 
			  targetFilename="~/App_GlobalResources/Orckestra/Search/WebsiteSearch.resx" allowOverwrite="true" />
		<File sourceFilename="~/Composite/InstalledPackages/localization/Orckestra.Search.WebsiteSearch.en-US.xml"
		      targetFilename="~/Composite/InstalledPackages/localization/Orckestra.Search.WebsiteSearch.en-US.xml" allowOverwrite="true" />
	    <File sourceFilename="~/App_Data/Components/Orckestra/Search/WebsiteSearch/SearchForm.xml"
	          targetFilename="~/App_Data/Components/Orckestra/Search/WebsiteSearch/SearchForm.xml" allowOverwrite="true" />
	    <File sourceFilename="~/App_Data/Components/Orckestra/Search/WebsiteSearch/SearchResults.xml"
	          targetFilename="~/App_Data/Components/Orckestra/Search/WebsiteSearch/SearchResults.xml" allowOverwrite="true" />

	  </Files>
    </mi:Add>
  </mi:PackageFragmentInstallers>
</mi:PackageInstaller>