﻿<?xml version="1.0" encoding="utf-8"?>
<DataTypeDescriptor dataTypeId="21754171-12ab-45e6-b9ee-386ca1112354" name="ContactRequest" namespace="Kobelco" title="Contact Request" isCodeGenerated="true" cachable="false" searchable="true" labelFieldName="FirstName" typeManagerTypeName="Kobelco.ContactRequest">
  <DataAssociations />
  <DataScopes>
    <DataScopeIdentifier name="public" />
  </DataScopes>
  <KeyPropertyNames>
    <KeyPropertyName name="Id" />
  </KeyPropertyNames>
  <SuperInterfaces />
  <Fields>
    <DataFieldDescriptor id="42ffdbc8-8549-4f8f-95d3-2e4820e3c51b" name="Id" isNullable="false" position="0" groupByPriority="0" inherited="false" instanceType="System.Guid, mscorlib, Version=4.0.0.0, Culture=neutral, PublicKeyToken=b77a5c561934e089" storeType="PhysicalStoreType='Guid'" isReadOnly="false">
      <FormRenderingProfile label="Id" />
      <DataUrlProfile Order="0" />
    </DataFieldDescriptor>
    <DataFieldDescriptor id="6ce82033-b5e8-40a9-820a-73a782b2026c" name="FirstName" isNullable="false" position="0" groupByPriority="0" inherited="false" instanceType="System.String, mscorlib, Version=4.0.0.0, Culture=neutral, PublicKeyToken=b77a5c561934e089" storeType="PhysicalStoreType='String'Length='64'" isReadOnly="false" defaultValue="ValueType='String'Value=''">
      <FormRenderingProfile label="First Name" helpText="" widgetFunctionMarkup="&lt;f:widgetfunction xmlns:f=&quot;http://www.composite.net/ns/function/1.0&quot; name=&quot;Composite.Widgets.String.TextBox&quot; /&gt;" />
    </DataFieldDescriptor>
    <DataFieldDescriptor id="befd1ab2-31a1-4282-b07b-a2c88937bbd4" name="LastName" isNullable="false" position="1" groupByPriority="0" inherited="false" instanceType="System.String, mscorlib, Version=4.0.0.0, Culture=neutral, PublicKeyToken=b77a5c561934e089" storeType="PhysicalStoreType='String'Length='64'" isReadOnly="false" defaultValue="ValueType='String'Value=''">
      <FormRenderingProfile label="Last Name" helpText="" widgetFunctionMarkup="&lt;f:widgetfunction xmlns:f=&quot;http://www.composite.net/ns/function/1.0&quot; name=&quot;Composite.Widgets.String.TextBox&quot; /&gt;" />
    </DataFieldDescriptor>
    <DataFieldDescriptor id="c9333a74-d256-4754-a8ee-008fe8e69ce7" name="Email" isNullable="false" position="2" groupByPriority="0" inherited="false" instanceType="System.String, mscorlib, Version=4.0.0.0, Culture=neutral, PublicKeyToken=b77a5c561934e089" storeType="PhysicalStoreType='String'Length='128'" isReadOnly="false" defaultValue="ValueType='String'Value=''">
      <FormRenderingProfile label="Email" helpText="" widgetFunctionMarkup="&lt;f:widgetfunction xmlns:f=&quot;http://www.composite.net/ns/function/1.0&quot; name=&quot;Composite.Widgets.String.TextBox&quot; /&gt;" />
    </DataFieldDescriptor>
    <DataFieldDescriptor id="7efc1c42-a874-4d24-a527-2ad838f4b421" name="Phone" isNullable="false" position="3" groupByPriority="0" inherited="false" instanceType="System.String, mscorlib, Version=4.0.0.0, Culture=neutral, PublicKeyToken=b77a5c561934e089" storeType="PhysicalStoreType='String'Length='64'" isReadOnly="false" defaultValue="ValueType='String'Value=''">
      <FormRenderingProfile label="Phone" helpText="" widgetFunctionMarkup="&lt;f:widgetfunction xmlns:f=&quot;http://www.composite.net/ns/function/1.0&quot; name=&quot;Composite.Widgets.String.TextBox&quot; /&gt;" />
    </DataFieldDescriptor>
    <DataFieldDescriptor id="245d16ff-21ec-4e59-8c1c-fae967be0ccf" name="Company" isNullable="false" position="4" groupByPriority="0" inherited="false" instanceType="System.String, mscorlib, Version=4.0.0.0, Culture=neutral, PublicKeyToken=b77a5c561934e089" storeType="PhysicalStoreType='String'Length='128'" isReadOnly="false" defaultValue="ValueType='String'Value=''">
      <FormRenderingProfile label="Company" helpText="" widgetFunctionMarkup="&lt;f:widgetfunction xmlns:f=&quot;http://www.composite.net/ns/function/1.0&quot; name=&quot;Composite.Widgets.String.TextBox&quot; /&gt;" />
    </DataFieldDescriptor>
    <DataFieldDescriptor id="07c83399-63d2-4e77-8f3e-a66c54c974ed" name="Address" isNullable="false" position="5" groupByPriority="0" inherited="false" instanceType="System.String, mscorlib, Version=4.0.0.0, Culture=neutral, PublicKeyToken=b77a5c561934e089" storeType="PhysicalStoreType='String'Length='128'" isReadOnly="false" defaultValue="ValueType='String'Value=''">
      <FormRenderingProfile label="Address" helpText="" widgetFunctionMarkup="&lt;f:widgetfunction xmlns:f=&quot;http://www.composite.net/ns/function/1.0&quot; name=&quot;Composite.Widgets.String.TextBox&quot; /&gt;" />
    </DataFieldDescriptor>
    <DataFieldDescriptor id="8dc8fd2e-8825-4657-b8ff-dfff8adb03db" name="City" isNullable="false" position="6" groupByPriority="0" inherited="false" instanceType="System.String, mscorlib, Version=4.0.0.0, Culture=neutral, PublicKeyToken=b77a5c561934e089" storeType="PhysicalStoreType='String'Length='128'" isReadOnly="false" defaultValue="ValueType='String'Value=''">
      <FormRenderingProfile label="City" helpText="" widgetFunctionMarkup="&lt;f:widgetfunction xmlns:f=&quot;http://www.composite.net/ns/function/1.0&quot; name=&quot;Composite.Widgets.String.TextBox&quot; /&gt;" />
    </DataFieldDescriptor>
    <DataFieldDescriptor id="9f4efbb4-d0e9-4295-b99b-f10ebd5b8237" name="State" isNullable="false" position="7" groupByPriority="0" inherited="false" instanceType="System.String, mscorlib, Version=4.0.0.0, Culture=neutral, PublicKeyToken=b77a5c561934e089" storeType="PhysicalStoreType='String'Length='128'" isReadOnly="false" defaultValue="ValueType='String'Value=''">
      <FormRenderingProfile label="State" helpText="" widgetFunctionMarkup="&lt;f:widgetfunction xmlns:f=&quot;http://www.composite.net/ns/function/1.0&quot; name=&quot;Composite.Widgets.String.TextBox&quot; /&gt;" />
    </DataFieldDescriptor>
    <DataFieldDescriptor id="0657f499-02a3-4f4c-8da5-417944f7090f" name="Zip" isNullable="false" position="8" groupByPriority="0" inherited="false" instanceType="System.String, mscorlib, Version=4.0.0.0, Culture=neutral, PublicKeyToken=b77a5c561934e089" storeType="PhysicalStoreType='String'Length='64'" isReadOnly="false" defaultValue="ValueType='String'Value=''">
      <FormRenderingProfile label="Zip" helpText="" widgetFunctionMarkup="&lt;f:widgetfunction xmlns:f=&quot;http://www.composite.net/ns/function/1.0&quot; name=&quot;Composite.Widgets.String.TextBox&quot; /&gt;" />
    </DataFieldDescriptor>
    <DataFieldDescriptor id="00dabc0e-c22a-475c-8628-869327fccd3e" name="InquiryType" isNullable="false" position="9" groupByPriority="0" inherited="false" instanceType="System.String, mscorlib, Version=4.0.0.0, Culture=neutral, PublicKeyToken=b77a5c561934e089" storeType="PhysicalStoreType='String'Length='64'" isReadOnly="false" defaultValue="ValueType='String'Value=''">
      <FormRenderingProfile label="Inquiry Type" helpText="" widgetFunctionMarkup="&lt;f:widgetfunction xmlns:f=&quot;http://www.composite.net/ns/function/1.0&quot; name=&quot;Composite.Widgets.String.TextBox&quot; /&gt;" />
    </DataFieldDescriptor>
    <DataFieldDescriptor id="8227b353-b580-4ac7-b7fc-55703fe06c20" name="Product" isNullable="true" position="10" groupByPriority="0" inherited="false" instanceType="System.String, mscorlib, Version=4.0.0.0, Culture=neutral, PublicKeyToken=b77a5c561934e089" storeType="PhysicalStoreType='String'Length='128'" isReadOnly="false">
      <FormRenderingProfile label="Product" helpText="" widgetFunctionMarkup="&lt;f:widgetfunction xmlns:f=&quot;http://www.composite.net/ns/function/1.0&quot; name=&quot;Composite.Widgets.String.TextBox&quot; /&gt;" />
    </DataFieldDescriptor>
    <DataFieldDescriptor id="42d80e30-9aea-422a-9fe5-2a3564f603a9" name="SerialNumber" isNullable="true" position="11" groupByPriority="0" inherited="false" instanceType="System.String, mscorlib, Version=4.0.0.0, Culture=neutral, PublicKeyToken=b77a5c561934e089" storeType="PhysicalStoreType='String'Length='64'" isReadOnly="false">
      <FormRenderingProfile label="Serial Number" helpText="" widgetFunctionMarkup="&lt;f:widgetfunction xmlns:f=&quot;http://www.composite.net/ns/function/1.0&quot; name=&quot;Composite.Widgets.String.TextBox&quot; /&gt;" />
    </DataFieldDescriptor>
    <DataFieldDescriptor id="71c4434e-0716-471e-bdc9-54ed6059b6d5" name="Message" isNullable="true" position="12" groupByPriority="0" inherited="false" instanceType="System.String, mscorlib, Version=4.0.0.0, Culture=neutral, PublicKeyToken=b77a5c561934e089" storeType="PhysicalStoreType='LargeString'" isReadOnly="false">
      <FormRenderingProfile label="Message" helpText="" widgetFunctionMarkup="&lt;f:widgetfunction xmlns:f=&quot;http://www.composite.net/ns/function/1.0&quot; name=&quot;Composite.Widgets.String.TextArea&quot; /&gt;" />
    </DataFieldDescriptor>
    <DataFieldDescriptor id="1dc8cbfe-b396-4c30-ad80-8a7585bcb907" name="DateSubmitted" isNullable="false" position="13" groupByPriority="0" inherited="false" instanceType="System.DateTime, mscorlib, Version=4.0.0.0, Culture=neutral, PublicKeyToken=b77a5c561934e089" storeType="PhysicalStoreType='DateTime'" isReadOnly="false" defaultValue="ValueType='DateTimeNow'">
      <FormRenderingProfile label="Date Submitted" helpText="" widgetFunctionMarkup="&lt;f:widgetfunction xmlns:f=&quot;http://www.composite.net/ns/function/1.0&quot; name=&quot;Composite.Widgets.Date.DateTimeSelector&quot; /&gt;" />
    </DataFieldDescriptor>
  </Fields>
</DataTypeDescriptor>