﻿<?xml version="1.0" encoding="utf-8"?>
<DataTypeDescriptor dataTypeId="2161f360-6571-4d76-9fcf-f4f99a0cecf2" name="Country" namespace="Kobelco" title="Country" isCodeGenerated="true" cachable="true" searchable="true" labelFieldName="Name" internalUrlPrefix="Country" typeManagerTypeName="Kobelco.Country">
  <DataAssociations />
  <DataScopes>
    <DataScopeIdentifier name="public" />
  </DataScopes>
  <KeyPropertyNames>
    <KeyPropertyName name="Id" />
  </KeyPropertyNames>
  <SuperInterfaces />
  <Fields>
    <DataFieldDescriptor id="4f17130e-372f-4f3d-aab8-56480b182a8e" name="Id" isNullable="false" position="0" groupByPriority="0" inherited="false" instanceType="System.Guid, mscorlib, Version=4.0.0.0, Culture=neutral, PublicKeyToken=b77a5c561934e089" storeType="PhysicalStoreType='Guid'" isReadOnly="false">
      <FormRenderingProfile label="Id" />
      <DataUrlProfile Order="0" />
    </DataFieldDescriptor>
    <DataFieldDescriptor id="0d223f36-0bd6-44bc-8db9-13521681cd2d" name="Name" isNullable="false" position="0" groupByPriority="0" inherited="false" instanceType="System.String, mscorlib, Version=4.0.0.0, Culture=neutral, PublicKeyToken=b77a5c561934e089" storeType="PhysicalStoreType='String'Length='32'" isReadOnly="false" defaultValue="ValueType='String'Value=''">
      <FormRenderingProfile label="Name" helpText="The name of the country" widgetFunctionMarkup="&lt;f:widgetfunction xmlns:f=&quot;http://www.composite.net/ns/function/1.0&quot; name=&quot;Composite.Widgets.String.TextBox&quot; /&gt;" />
    </DataFieldDescriptor>
  </Fields>
</DataTypeDescriptor>