﻿<?xml version="1.0" encoding="utf-8"?>
<DataTypeDescriptor dataTypeId="db09c0bf-e6ea-483c-a62b-125f01bd0a82" name="Dealer" namespace="Kobelco" title="Dealer" isCodeGenerated="true" cachable="true" searchable="true" labelFieldName="Name" internalUrlPrefix="Dealer" typeManagerTypeName="Kobelco.Dealer">
  <DataAssociations />
  <DataScopes>
    <DataScopeIdentifier name="public" />
    <DataScopeIdentifier name="administrated" />
  </DataScopes>
  <KeyPropertyNames>
    <KeyPropertyName name="Id" />
  </KeyPropertyNames>
  <SuperInterfaces>
    <SuperInterface type="Composite.Data.ProcessControlled.IProcessControlled,Composite" />
    <SuperInterface type="Composite.Data.ProcessControlled.IPublishControlled,Composite" />
  </SuperInterfaces>
  <Fields>
    <DataFieldDescriptor id="9e23984d-846d-44fe-9814-850cc3f14f5a" name="Id" isNullable="false" position="0" groupByPriority="0" inherited="false" instanceType="System.Guid, mscorlib, Version=4.0.0.0, Culture=neutral, PublicKeyToken=b77a5c561934e089" storeType="PhysicalStoreType='Guid'" isReadOnly="false">
      <FormRenderingProfile label="Id" />
      <DataUrlProfile Order="0" />
      <ValidationFunctionMarkups />
    </DataFieldDescriptor>
    <DataFieldDescriptor id="982cf530-450d-4e66-8139-b52cc1e02361" name="Name" isNullable="false" position="0" groupByPriority="0" inherited="false" instanceType="System.String, mscorlib, Version=4.0.0.0, Culture=neutral, PublicKeyToken=b77a5c561934e089" storeType="PhysicalStoreType='String'Length='64'" isReadOnly="false" defaultValue="ValueType='String'Value=''">
      <FormRenderingProfile label="Name" helpText="The name of the dealer" widgetFunctionMarkup="&lt;f:widgetfunction xmlns:f=&quot;http://www.composite.net/ns/function/1.0&quot; name=&quot;Composite.Widgets.String.TextBox&quot; /&gt;" />
      <ValidationFunctionMarkups />
    </DataFieldDescriptor>
    <DataFieldDescriptor id="d3eaf213-db84-4c8b-98e9-a28247d90244" name="StreetAddress" isNullable="false" position="1" groupByPriority="0" inherited="false" instanceType="System.String, mscorlib, Version=4.0.0.0, Culture=neutral, PublicKeyToken=b77a5c561934e089" storeType="PhysicalStoreType='String'Length='128'" isReadOnly="false" defaultValue="ValueType='String'Value=''">
      <FormRenderingProfile label="Street Address" helpText="Physical street address of the dealer" widgetFunctionMarkup="&lt;f:widgetfunction xmlns:f=&quot;http://www.composite.net/ns/function/1.0&quot; name=&quot;Composite.Widgets.String.TextBox&quot; /&gt;" />
      <ValidationFunctionMarkups />
    </DataFieldDescriptor>
    <DataFieldDescriptor id="5c4dddb2-7ff5-4150-a486-048b3aa44883" name="City" isNullable="false" position="2" groupByPriority="0" inherited="false" instanceType="System.String, mscorlib, Version=4.0.0.0, Culture=neutral, PublicKeyToken=b77a5c561934e089" storeType="PhysicalStoreType='String'Length='32'" isReadOnly="false" defaultValue="ValueType='String'Value=''">
      <FormRenderingProfile label="City" helpText="The city where the dealer is located" widgetFunctionMarkup="&lt;f:widgetfunction xmlns:f=&quot;http://www.composite.net/ns/function/1.0&quot; name=&quot;Composite.Widgets.String.TextBox&quot; /&gt;" />
      <ValidationFunctionMarkups />
    </DataFieldDescriptor>
    <DataFieldDescriptor id="38619c94-449b-4a19-a94f-67a4c0fe5326" name="State" isNullable="false" position="3" groupByPriority="0" inherited="false" instanceType="System.String, mscorlib, Version=4.0.0.0, Culture=neutral, PublicKeyToken=b77a5c561934e089" storeType="PhysicalStoreType='String'Length='32'" isReadOnly="false" defaultValue="ValueType='String'Value=''">
      <FormRenderingProfile label="State/Province" helpText="State or province where the dealer is located" widgetFunctionMarkup="&lt;f:widgetfunction xmlns:f=&quot;http://www.composite.net/ns/function/1.0&quot; name=&quot;Composite.Widgets.String.TextBox&quot; /&gt;" />
      <ValidationFunctionMarkups />
    </DataFieldDescriptor>
    <DataFieldDescriptor id="23fb8a77-2217-4d44-b6ad-e7a536e6bff4" name="Country" isNullable="false" position="4" groupByPriority="0" inherited="false" instanceType="System.Guid, mscorlib, Version=4.0.0.0, Culture=neutral, PublicKeyToken=b77a5c561934e089" storeType="PhysicalStoreType='Guid'" isReadOnly="false" defaultValue="ValueType='Guid'Value='00000000-0000-0000-0000-000000000000'" foreignKeyReferenceTypeName="Kobelco.Country">
      <FormRenderingProfile label="Country" helpText="The country in which the dealer resides" widgetFunctionMarkup="&lt;f:widgetfunction xmlns:f=&quot;http://www.composite.net/ns/function/1.0&quot; name=&quot;Composite.Widgets.DataReference.KobelcoCountry.Selector&quot; /&gt;" />
      <ValidationFunctionMarkups />
    </DataFieldDescriptor>
    <DataFieldDescriptor id="655dea2f-b13d-435e-a225-0f1337888597" name="PostalCode" isNullable="true" position="5" groupByPriority="0" inherited="false" instanceType="System.String, mscorlib, Version=4.0.0.0, Culture=neutral, PublicKeyToken=b77a5c561934e089" storeType="PhysicalStoreType='String'Length='16'" isReadOnly="false">
      <FormRenderingProfile label="Zip/PostalCode" helpText="The postal/zip code of the dealer" widgetFunctionMarkup="&lt;f:widgetfunction xmlns:f=&quot;http://www.composite.net/ns/function/1.0&quot; name=&quot;Composite.Widgets.String.TextBox&quot; /&gt;" />
      <ValidationFunctionMarkups />
    </DataFieldDescriptor>
    <DataFieldDescriptor id="53bf90df-a7ed-4388-9a83-e463cb4e55da" name="Phone" isNullable="false" position="6" groupByPriority="0" inherited="false" instanceType="System.String, mscorlib, Version=4.0.0.0, Culture=neutral, PublicKeyToken=b77a5c561934e089" storeType="PhysicalStoreType='String'Length='32'" isReadOnly="false" defaultValue="ValueType='String'Value=''">
      <FormRenderingProfile label="Phone Number" helpText="The phone number of the dealer" widgetFunctionMarkup="&lt;f:widgetfunction xmlns:f=&quot;http://www.composite.net/ns/function/1.0&quot; name=&quot;Composite.Widgets.String.TextBox&quot; /&gt;" />
    </DataFieldDescriptor>
    <DataFieldDescriptor id="530fe2e1-4949-443b-a0bf-376eddda5a02" name="Website" isNullable="false" position="7" groupByPriority="0" inherited="false" instanceType="System.String, mscorlib, Version=4.0.0.0, Culture=neutral, PublicKeyToken=b77a5c561934e089" storeType="PhysicalStoreType='String'Length='128'" isReadOnly="false" defaultValue="ValueType='String'Value=''">
      <FormRenderingProfile label="Website" helpText="The website of the dealer" widgetFunctionMarkup="&lt;f:widgetfunction xmlns:f=&quot;http://www.composite.net/ns/function/1.0&quot; name=&quot;Composite.Widgets.String.TextBox&quot; /&gt;" />
      <ValidationFunctionMarkups />
    </DataFieldDescriptor>
    <DataFieldDescriptor id="f62bc604-f143-4913-94aa-9d2fed1103d0" name="Latitude" isNullable="false" position="8" groupByPriority="0" inherited="false" instanceType="System.Decimal, mscorlib, Version=4.0.0.0, Culture=neutral, PublicKeyToken=b77a5c561934e089" storeType="PhysicalStoreType='Decimal'Precision='28'Scale='6'" isReadOnly="false" defaultValue="ValueType='Decimal'Value='0'">
      <FormRenderingProfile label="Latitude" helpText="The latitude component of the dealer's location" widgetFunctionMarkup="&lt;f:widgetfunction xmlns:f=&quot;http://www.composite.net/ns/function/1.0&quot; name=&quot;Composite.Widgets.Decimal.TextBox&quot; /&gt;" />
      <ValidationFunctionMarkups />
    </DataFieldDescriptor>
    <DataFieldDescriptor id="1d38d2a6-f618-4803-90af-0327c901e721" name="Longitude" isNullable="false" position="9" groupByPriority="0" inherited="false" instanceType="System.Decimal, mscorlib, Version=4.0.0.0, Culture=neutral, PublicKeyToken=b77a5c561934e089" storeType="PhysicalStoreType='Decimal'Precision='28'Scale='6'" isReadOnly="false" defaultValue="ValueType='Decimal'Value='0'">
      <FormRenderingProfile label="Longitude" helpText="The longitude component of the dealer's location" widgetFunctionMarkup="&lt;f:widgetfunction xmlns:f=&quot;http://www.composite.net/ns/function/1.0&quot; name=&quot;Composite.Widgets.Decimal.TextBox&quot; /&gt;" />
      <ValidationFunctionMarkups />
    </DataFieldDescriptor>
    <DataFieldDescriptor id="b422a40d-6bed-4a55-88fc-286824cb30b5" name="ProductLine" isNullable="true" position="10" groupByPriority="0" inherited="false" instanceType="System.String, mscorlib, Version=4.0.0.0, Culture=neutral, PublicKeyToken=b77a5c561934e089" storeType="PhysicalStoreType='LargeString'" isReadOnly="false">
      <FormRenderingProfile label="Product Line(s)" helpText="The product lines that the dealer sells" widgetFunctionMarkup="&lt;f:widgetfunction xmlns:f=&quot;http://www.composite.net/ns/function/1.0&quot; name=&quot;Composite.Widgets.String.DataIdMultiSelector&quot;&gt;&lt;f:param name=&quot;OptionsType&quot; value=&quot;Kobelco.ProductLine&quot; /&gt;&lt;/f:widgetfunction&gt;" />
      <ValidationFunctionMarkups />
    </DataFieldDescriptor>
    <DataFieldDescriptor id="fab1cf0c-66b0-11dc-a47e-cf6356d89593" name="PublicationStatus" isNullable="false" position="50" groupByPriority="0" inherited="true" instanceType="System.String, mscorlib, Version=4.0.0.0, Culture=neutral, PublicKeyToken=b77a5c561934e089" storeType="PhysicalStoreType='String'Length='64'" isReadOnly="false" defaultValue="ValueType='String'Value=''">
      <FormRenderingProfile />
    </DataFieldDescriptor>
  </Fields>
</DataTypeDescriptor>