﻿<?xml version="1.0" encoding="utf-8"?>
<DataTypeDescriptor dataTypeId="d8faf605-79a4-4c3f-8c9c-0bf5a3cc9a52" name="Gallery" namespace="Kobelco" title="Gallery" isCodeGenerated="true" cachable="false" searchable="true" labelFieldName="Title" typeManagerTypeName="Kobelco.Gallery">
  <DataAssociations />
  <DataScopes>
    <DataScopeIdentifier name="public" />
  </DataScopes>
  <KeyPropertyNames>
    <KeyPropertyName name="Id" />
  </KeyPropertyNames>
  <SuperInterfaces />
  <Fields>
    <DataFieldDescriptor id="0ad82138-af5a-444c-bb51-08a2aa8275f2" name="Id" isNullable="false" position="0" groupByPriority="0" inherited="false" instanceType="System.Guid, mscorlib, Version=4.0.0.0, Culture=neutral, PublicKeyToken=b77a5c561934e089" storeType="PhysicalStoreType='Guid'" isReadOnly="false">
      <FormRenderingProfile label="Id" />
      <DataUrlProfile Order="0" />
      <ValidationFunctionMarkups />
    </DataFieldDescriptor>
    <DataFieldDescriptor id="678505a9-0d25-4e54-a43f-1e4814adee2c" name="Title" isNullable="false" position="0" groupByPriority="0" inherited="false" instanceType="System.String, mscorlib, Version=4.0.0.0, Culture=neutral, PublicKeyToken=b77a5c561934e089" storeType="PhysicalStoreType='String'Length='64'" isReadOnly="false" defaultValue="ValueType='String'Value=''">
      <FormRenderingProfile label="Title" helpText="" widgetFunctionMarkup="&lt;f:widgetfunction xmlns:f=&quot;http://www.composite.net/ns/function/1.0&quot; name=&quot;Composite.Widgets.String.TextBox&quot; /&gt;" />
    </DataFieldDescriptor>
  </Fields>
</DataTypeDescriptor>