﻿<?xml version="1.0" encoding="utf-8"?>
<DataTypeDescriptor dataTypeId="4b46ca90-22a9-4c68-95fa-392d79a2ac2c" name="GalleryItem" namespace="Kobelco" title="Gallery Item" isCodeGenerated="true" cachable="false" searchable="false" labelFieldName="Media" typeManagerTypeName="Kobelco.GalleryItem">
  <DataAssociations />
  <DataScopes>
    <DataScopeIdentifier name="public" />
  </DataScopes>
  <KeyPropertyNames>
    <KeyPropertyName name="Id" />
  </KeyPropertyNames>
  <SuperInterfaces />
  <Fields>
    <DataFieldDescriptor id="39d91cc3-772c-4805-b974-9c9a93fec588" name="Id" isNullable="false" position="0" groupByPriority="0" inherited="false" instanceType="System.Guid, mscorlib, Version=4.0.0.0, Culture=neutral, PublicKeyToken=b77a5c561934e089" storeType="PhysicalStoreType='Guid'" isReadOnly="false" newInstanceDefaultFieldValue="&lt;f:function name=&quot;Composite.Utils.Guid.NewGuid&quot; xmlns:f=&quot;http://www.composite.net/ns/function/1.0&quot; /&gt;">
      <FormRenderingProfile label="Id" />
      <ValidationFunctionMarkups />
    </DataFieldDescriptor>
    <DataFieldDescriptor id="57815b88-cdd9-4475-8978-9c1d4db7ea5f" name="Media" isNullable="false" position="0" groupByPriority="0" inherited="false" instanceType="System.String, mscorlib, Version=4.0.0.0, Culture=neutral, PublicKeyToken=b77a5c561934e089" storeType="PhysicalStoreType='String'Length='2048'" isReadOnly="false" defaultValue="ValueType='String'Value=''" foreignKeyReferenceTypeName="Composite.Data.Types.IMediaFile,Composite">
      <FormRenderingProfile label="Media" helpText="" widgetFunctionMarkup="&lt;f:widgetfunction xmlns:f=&quot;http://www.composite.net/ns/function/1.0&quot; name=&quot;Composite.Widgets.MediaFileSelector&quot;&gt;&lt;f:param name=&quot;Required&quot; value=&quot;True&quot; /&gt;&lt;/f:widgetfunction&gt;" />
      <ValidationFunctionMarkups />
    </DataFieldDescriptor>
    <DataFieldDescriptor id="34ffa0ac-3291-4acc-808e-c0a4f84956b1" name="ExternalMediaUrl" isNullable="true" position="1" groupByPriority="0" inherited="false" instanceType="System.String, mscorlib, Version=4.0.0.0, Culture=neutral, PublicKeyToken=b77a5c561934e089" storeType="PhysicalStoreType='String'Length='128'" isReadOnly="false">
      <FormRenderingProfile label="External Media Url" helpText="" widgetFunctionMarkup="&lt;f:widgetfunction xmlns:f=&quot;http://www.composite.net/ns/function/1.0&quot; name=&quot;Composite.Widgets.String.TextBox&quot; /&gt;" />
      <ValidationFunctionMarkups />
    </DataFieldDescriptor>
    <DataFieldDescriptor id="3d9a5a34-a1f7-4cb2-9670-499b94bdcd2f" name="Alt" isNullable="true" position="2" groupByPriority="0" inherited="false" instanceType="System.String, mscorlib, Version=4.0.0.0, Culture=neutral, PublicKeyToken=b77a5c561934e089" storeType="PhysicalStoreType='String'Length='256'" isReadOnly="false">
      <FormRenderingProfile label="Alt" helpText="" widgetFunctionMarkup="&lt;f:widgetfunction xmlns:f=&quot;http://www.composite.net/ns/function/1.0&quot; name=&quot;Composite.Widgets.String.TextBox&quot; /&gt;" />
      <ValidationFunctionMarkups />
    </DataFieldDescriptor>
    <DataFieldDescriptor id="f3a5e1d9-54bd-4f3f-9fcc-6d54685b6a43" name="Title" isNullable="true" position="3" groupByPriority="0" inherited="false" instanceType="System.String, mscorlib, Version=4.0.0.0, Culture=neutral, PublicKeyToken=b77a5c561934e089" storeType="PhysicalStoreType='String'Length='256'" isReadOnly="false">
      <FormRenderingProfile label="Title" helpText="" widgetFunctionMarkup="&lt;f:widgetfunction xmlns:f=&quot;http://www.composite.net/ns/function/1.0&quot; name=&quot;Composite.Widgets.String.TextBox&quot; /&gt;" />
      <ValidationFunctionMarkups />
    </DataFieldDescriptor>
    <DataFieldDescriptor id="90db2941-806d-44c4-b3ea-0e62fe387081" name="Attachment" isNullable="false" position="4" groupByPriority="0" inherited="false" instanceType="System.Guid, mscorlib, Version=4.0.0.0, Culture=neutral, PublicKeyToken=b77a5c561934e089" storeType="PhysicalStoreType='Guid'" isReadOnly="false" defaultValue="ValueType='Guid'Value='00000000-0000-0000-0000-000000000000'" foreignKeyReferenceTypeName="Kobelco.Gallery">
      <FormRenderingProfile label="Attachment" helpText="" widgetFunctionMarkup="&lt;f:widgetfunction xmlns:f=&quot;http://www.composite.net/ns/function/1.0&quot; name=&quot;Composite.Widgets.DataReference.KobelcoGallery.Selector&quot; /&gt;" />
      <ValidationFunctionMarkups />
    </DataFieldDescriptor>
  </Fields>
</DataTypeDescriptor>