﻿<?xml version="1.0" encoding="utf-8"?>
<DataTypeDescriptor dataTypeId="ece41a30-0fc4-4902-b5c5-a607d8a9b298" name="ICompositionContainer" namespace="Composite.Data.Types" isCodeGenerated="false" cachable="false" searchable="false" typeManagerTypeName="Composite.Data.Types.ICompositionContainer,Composite">
  <DataAssociations />
  <DataScopes>
    <DataScopeIdentifier name="public" />
  </DataScopes>
  <KeyPropertyNames>
    <KeyPropertyName name="Id" />
  </KeyPropertyNames>
  <SuperInterfaces />
  <Fields>
    <DataFieldDescriptor id="b9e34d3f-c8c0-4692-8ee4-31b174c96477" name="Id" isNullable="false" position="1000" groupByPriority="0" inherited="false" instanceType="System.Guid, mscorlib, Version=4.0.0.0, Culture=neutral, PublicKeyToken=b77a5c561934e089" storeType="PhysicalStoreType='Guid'" isReadOnly="false">
      <FormRenderingProfile />
    </DataFieldDescriptor>
    <DataFieldDescriptor id="572769b5-89ca-4ee8-9cd1-de9d61702ca0" name="Label" isNullable="false" position="1000" groupByPriority="0" inherited="false" instanceType="System.String, mscorlib, Version=4.0.0.0, Culture=neutral, PublicKeyToken=b77a5c561934e089" storeType="PhysicalStoreType='String'Length='256'" isReadOnly="false">
      <FormRenderingProfile />
    </DataFieldDescriptor>
  </Fields>
</DataTypeDescriptor>