﻿<?xml version="1.0" encoding="utf-8"?>
<DataTypeDescriptor dataTypeId="42f4ca9a-b18b-4d62-a4f5-5f04c06109ed" name="IDynamicTypeFormDefinitionFile" namespace="Composite.Data.Types" isCodeGenerated="false" cachable="false" searchable="false" typeManagerTypeName="Composite.Data.Types.IDynamicTypeFormDefinitionFile,Composite" buildNewHandlerTypeName="Composite.Data.Types.IFileBuildNewHandler,Composite">
  <DataAssociations />
  <DataScopes>
    <DataScopeIdentifier name="public" />
  </DataScopes>
  <KeyPropertyNames />
  <SuperInterfaces>
    <SuperInterface type="Composite.Data.Types.IFile,Composite" />
  </SuperInterfaces>
  <Fields>
    <DataFieldDescriptor id="b9b50947-ee78-4744-9128-0832a66243d5" name="FolderPath" isNullable="false" position="1000" groupByPriority="0" inherited="true" instanceType="System.String, mscorlib, Version=4.0.0.0, Culture=neutral, PublicKeyToken=b77a5c561934e089" storeType="PhysicalStoreType='String'Length='512'" isReadOnly="false">
      <FormRenderingProfile />
    </DataFieldDescriptor>
    <DataFieldDescriptor id="4fd98564-6077-4c6d-86e1-9c7f44b65e50" name="FileName" isNullable="false" position="1000" groupByPriority="0" inherited="true" instanceType="System.String, mscorlib, Version=4.0.0.0, Culture=neutral, PublicKeyToken=b77a5c561934e089" storeType="PhysicalStoreType='String'Length='128'" isReadOnly="false">
      <FormRenderingProfile />
    </DataFieldDescriptor>
  </Fields>
</DataTypeDescriptor>