﻿<?xml version="1.0" encoding="utf-8"?>
<DataTypeDescriptor dataTypeId="d3ac39d8-1fe6-4bb3-bfea-2dafecacf0fc" name="IInlineFunctionAssemblyReference" namespace="Composite.Data.Types" isCodeGenerated="false" cachable="false" searchable="false" typeManagerTypeName="Composite.Data.Types.IInlineFunctionAssemblyReference,Composite">
  <DataAssociations />
  <DataScopes>
    <DataScopeIdentifier name="public" />
  </DataScopes>
  <KeyPropertyNames>
    <KeyPropertyName name="Id" />
  </KeyPropertyNames>
  <SuperInterfaces />
  <Fields>
    <DataFieldDescriptor id="9f7c1c30-e115-479d-9471-aeb83a9aaf63" name="Id" isNullable="false" position="1000" groupByPriority="0" inherited="false" instanceType="System.Guid, mscorlib, Version=4.0.0.0, Culture=neutral, PublicKeyToken=b77a5c561934e089" storeType="PhysicalStoreType='Guid'" isReadOnly="false">
      <FormRenderingProfile />
    </DataFieldDescriptor>
    <DataFieldDescriptor id="e08e79f6-ed40-447d-a2b6-592704fe7b96" name="Function" isNullable="false" position="1000" groupByPriority="0" inherited="false" instanceType="System.Guid, mscorlib, Version=4.0.0.0, Culture=neutral, PublicKeyToken=b77a5c561934e089" storeType="PhysicalStoreType='Guid'" isReadOnly="false">
      <FormRenderingProfile />
    </DataFieldDescriptor>
    <DataFieldDescriptor id="30da8550-252a-4ebb-a9d4-78da26784e4b" name="Name" isNullable="false" position="1000" groupByPriority="0" inherited="false" instanceType="System.String, mscorlib, Version=4.0.0.0, Culture=neutral, PublicKeyToken=b77a5c561934e089" storeType="PhysicalStoreType='String'Length='128'" isReadOnly="false">
      <FormRenderingProfile />
    </DataFieldDescriptor>
    <DataFieldDescriptor id="221d7e98-3859-49bf-aeed-57c580396680" name="Location" isNullable="false" position="1000" groupByPriority="0" inherited="false" instanceType="System.String, mscorlib, Version=4.0.0.0, Culture=neutral, PublicKeyToken=b77a5c561934e089" storeType="PhysicalStoreType='String'Length='128'" isReadOnly="false">
      <FormRenderingProfile />
    </DataFieldDescriptor>
  </Fields>
</DataTypeDescriptor>