﻿<?xml version="1.0" encoding="utf-8"?>
<DataTypeDescriptor dataTypeId="1488334f-2ab6-4d8d-9e1b-7ee4a990469d" name="IPageFolderDefinition" namespace="Composite.Data.Types" isCodeGenerated="false" cachable="false" searchable="false" typeManagerTypeName="Composite.Data.Types.IPageFolderDefinition,Composite">
  <DataAssociations />
  <DataScopes>
    <DataScopeIdentifier name="public" />
  </DataScopes>
  <KeyPropertyNames>
    <KeyPropertyName name="Id" />
  </KeyPropertyNames>
  <SuperInterfaces />
  <Fields>
    <DataFieldDescriptor id="383f3019-60ad-4e16-8acf-6568a4a13b2a" name="Id" isNullable="false" position="1000" groupByPriority="0" inherited="false" instanceType="System.Guid, mscorlib, Version=4.0.0.0, Culture=neutral, PublicKeyToken=b77a5c561934e089" storeType="PhysicalStoreType='Guid'" isReadOnly="false" defaultValue="ValueType='NewGuid'">
      <FormRenderingProfile />
    </DataFieldDescriptor>
    <DataFieldDescriptor id="3ff30313-c5c0-49cb-a8e6-1875864f8eac" name="PageId" isNullable="false" position="1000" groupByPriority="0" inherited="false" instanceType="System.Guid, mscorlib, Version=4.0.0.0, Culture=neutral, PublicKeyToken=b77a5c561934e089" storeType="PhysicalStoreType='Guid'" isReadOnly="false">
      <FormRenderingProfile />
    </DataFieldDescriptor>
    <DataFieldDescriptor id="619e698b-9d3b-4dfa-ba1c-a591446ff1a2" name="FolderTypeId" isNullable="false" position="1000" groupByPriority="0" inherited="false" instanceType="System.Guid, mscorlib, Version=4.0.0.0, Culture=neutral, PublicKeyToken=b77a5c561934e089" storeType="PhysicalStoreType='Guid'" isReadOnly="false">
      <FormRenderingProfile />
    </DataFieldDescriptor>
  </Fields>
</DataTypeDescriptor>