﻿<?xml version="1.0" encoding="utf-8"?>
<DataTypeDescriptor dataTypeId="137a4e25-3b97-4c41-9ca2-2bea99fc2a2c" name="IUserFormLogin" namespace="Composite.Data.Types" isCodeGenerated="false" cachable="false" searchable="false" typeManagerTypeName="Composite.Data.Types.IUserFormLogin,Composite">
  <DataAssociations />
  <DataScopes>
    <DataScopeIdentifier name="public" />
  </DataScopes>
  <KeyPropertyNames>
    <KeyPropertyName name="UserId" />
  </KeyPropertyNames>
  <SuperInterfaces />
  <Fields>
    <DataFieldDescriptor id="3576f435-1ca4-4e22-94e8-1a5165ee9d60" name="UserId" isNullable="false" position="1000" groupByPriority="0" inherited="false" instanceType="System.Guid, mscorlib, Version=4.0.0.0, Culture=neutral, PublicKeyToken=b77a5c561934e089" storeType="PhysicalStoreType='Guid'" isReadOnly="false" foreignKeyReferenceTypeName="Composite.Data.Types.IUser,Composite">
      <FormRenderingProfile />
    </DataFieldDescriptor>
    <DataFieldDescriptor id="dbfb9790-ec68-44fc-bab7-f46517c5abcf" name="Folder" isNullable="false" position="1000" groupByPriority="0" inherited="false" instanceType="System.String, mscorlib, Version=4.0.0.0, Culture=neutral, PublicKeyToken=b77a5c561934e089" storeType="PhysicalStoreType='String'Length='64'" isReadOnly="false">
      <FormRenderingProfile />
    </DataFieldDescriptor>
    <DataFieldDescriptor id="43df4e85-383d-47f1-8396-6d4bbfcf7d22" name="IsLocked" isNullable="false" position="1000" groupByPriority="0" inherited="false" instanceType="System.Boolean, mscorlib, Version=4.0.0.0, Culture=neutral, PublicKeyToken=b77a5c561934e089" storeType="PhysicalStoreType='Boolean'" isReadOnly="false" defaultValue="ValueType='Boolean'Value='False'">
      <FormRenderingProfile />
    </DataFieldDescriptor>
    <DataFieldDescriptor id="10651e29-e64f-4550-a123-7c24a38dc97b" name="LockoutReason" isNullable="false" position="1000" groupByPriority="0" inherited="false" instanceType="System.Int32, mscorlib, Version=4.0.0.0, Culture=neutral, PublicKeyToken=b77a5c561934e089" storeType="PhysicalStoreType='Integer'" isReadOnly="false" defaultValue="ValueType='Integer'Value='0'">
      <FormRenderingProfile />
    </DataFieldDescriptor>
    <DataFieldDescriptor id="fd51ed7d-5b4d-4abc-a682-6d01047e496a" name="PasswordHash" isNullable="false" position="1000" groupByPriority="0" inherited="false" instanceType="System.String, mscorlib, Version=4.0.0.0, Culture=neutral, PublicKeyToken=b77a5c561934e089" storeType="PhysicalStoreType='String'Length='256'" isReadOnly="false">
      <FormRenderingProfile />
    </DataFieldDescriptor>
    <DataFieldDescriptor id="ff1d3308-3822-4bd9-bf04-7c7b8cf6142b" name="PasswordHashSalt" isNullable="false" position="1000" groupByPriority="0" inherited="false" instanceType="System.String, mscorlib, Version=4.0.0.0, Culture=neutral, PublicKeyToken=b77a5c561934e089" storeType="PhysicalStoreType='String'Length='128'" isReadOnly="false">
      <FormRenderingProfile />
    </DataFieldDescriptor>
    <DataFieldDescriptor id="bc2fb04a-802d-4c69-ac0c-9a71e95a8c97" name="LastPasswordChangeDate" isNullable="false" position="1000" groupByPriority="0" inherited="false" instanceType="System.DateTime, mscorlib, Version=4.0.0.0, Culture=neutral, PublicKeyToken=b77a5c561934e089" storeType="PhysicalStoreType='DateTime'" isReadOnly="false" defaultValue="ValueType='DateTimeNow'">
      <FormRenderingProfile />
    </DataFieldDescriptor>
  </Fields>
</DataTypeDescriptor>