﻿<?xml version="1.0" encoding="utf-8"?>
<DataTypeDescriptor dataTypeId="aa086dc1-e5f6-4568-8bed-460d3275380f" name="IUser" namespace="Composite.Data.Types" title="C1 Console User" isCodeGenerated="false" cachable="false" searchable="false" labelFieldName="Username" typeManagerTypeName="Composite.Data.Types.IUser,Composite">
  <DataAssociations />
  <DataScopes>
    <DataScopeIdentifier name="public" />
  </DataScopes>
  <KeyPropertyNames>
    <KeyPropertyName name="Id" />
  </KeyPropertyNames>
  <SuperInterfaces />
  <Fields>
    <DataFieldDescriptor id="480cf63a-a2e9-43e7-8034-778e55a0b6ed" name="Id" isNullable="false" position="1000" groupByPriority="0" inherited="false" instanceType="System.Guid, mscorlib, Version=4.0.0.0, Culture=neutral, PublicKeyToken=b77a5c561934e089" storeType="PhysicalStoreType='Guid'" isReadOnly="false">
      <FormRenderingProfile />
    </DataFieldDescriptor>
    <DataFieldDescriptor id="c36f8a02-4f7e-437c-a3d9-aade8a531efa" name="Username" isNullable="false" position="1000" groupByPriority="0" inherited="false" instanceType="System.String, mscorlib, Version=4.0.0.0, Culture=neutral, PublicKeyToken=b77a5c561934e089" storeType="PhysicalStoreType='String'Length='64'" isReadOnly="false">
      <FormRenderingProfile />
    </DataFieldDescriptor>
    <DataFieldDescriptor id="20f756ad-f03d-453e-b464-d2c13051a647" name="Name" isNullable="true" position="1000" groupByPriority="0" inherited="false" instanceType="System.String, mscorlib, Version=4.0.0.0, Culture=neutral, PublicKeyToken=b77a5c561934e089" storeType="PhysicalStoreType='String'Length='128'" isReadOnly="false">
      <FormRenderingProfile />
    </DataFieldDescriptor>
    <DataFieldDescriptor id="c0929e14-3fb8-4ce5-8374-997a7508df80" name="Email" isNullable="true" position="1000" groupByPriority="0" inherited="false" instanceType="System.String, mscorlib, Version=4.0.0.0, Culture=neutral, PublicKeyToken=b77a5c561934e089" storeType="PhysicalStoreType='String'Length='128'" isReadOnly="false">
      <FormRenderingProfile />
    </DataFieldDescriptor>
    <DataFieldDescriptor id="c7a7d63c-ea87-48ac-b009-5d4050a2f248" name="Group" isNullable="true" position="1000" groupByPriority="0" inherited="false" instanceType="System.String, mscorlib, Version=4.0.0.0, Culture=neutral, PublicKeyToken=b77a5c561934e089" storeType="PhysicalStoreType='String'Length='64'" isReadOnly="false">
      <FormRenderingProfile />
    </DataFieldDescriptor>
    <DataFieldDescriptor id="72bffbdc-e4ff-4bd4-9bb1-b86faea39468" name="IsLocked" isNullable="false" position="1000" groupByPriority="0" inherited="false" instanceType="System.Boolean, mscorlib, Version=4.0.0.0, Culture=neutral, PublicKeyToken=b77a5c561934e089" storeType="PhysicalStoreType='Boolean'" isReadOnly="false" defaultValue="ValueType='Boolean'Value='False'">
      <FormRenderingProfile />
    </DataFieldDescriptor>
    <DataFieldDescriptor id="39cbccfa-cfb2-4e79-9204-c9596a3fc0e9" name="LockoutReason" isNullable="false" position="1000" groupByPriority="0" inherited="false" instanceType="System.Int32, mscorlib, Version=4.0.0.0, Culture=neutral, PublicKeyToken=b77a5c561934e089" storeType="PhysicalStoreType='Integer'" isReadOnly="false" defaultValue="ValueType='Integer'Value='0'">
      <FormRenderingProfile />
    </DataFieldDescriptor>
    <DataFieldDescriptor id="c0230deb-5394-4819-be18-a60cf5fa69f0" name="EncryptedPassword" isNullable="true" position="1000" groupByPriority="0" inherited="false" instanceType="System.String, mscorlib, Version=4.0.0.0, Culture=neutral, PublicKeyToken=b77a5c561934e089" storeType="PhysicalStoreType='String'Length='256'" isReadOnly="false">
      <FormRenderingProfile />
    </DataFieldDescriptor>
    <DataFieldDescriptor id="ca2cf6f8-489b-4d60-b3c3-af46d1259647" name="PasswordHashSalt" isNullable="true" position="1000" groupByPriority="0" inherited="false" instanceType="System.String, mscorlib, Version=4.0.0.0, Culture=neutral, PublicKeyToken=b77a5c561934e089" storeType="PhysicalStoreType='String'Length='128'" isReadOnly="false">
      <FormRenderingProfile />
    </DataFieldDescriptor>
    <DataFieldDescriptor id="35457da7-a13e-4a6c-9008-3d619a519f2b" name="LastPasswordChangeDate" isNullable="false" position="1000" groupByPriority="0" inherited="false" instanceType="System.DateTime, mscorlib, Version=4.0.0.0, Culture=neutral, PublicKeyToken=b77a5c561934e089" storeType="PhysicalStoreType='DateTime'" isReadOnly="false" defaultValue="ValueType='DateTimeNow'">
      <FormRenderingProfile />
    </DataFieldDescriptor>
  </Fields>
</DataTypeDescriptor>