﻿<?xml version="1.0" encoding="utf-8"?>
<DataTypeDescriptor dataTypeId="f89054cb-c0e0-41ad-948d-4aea4055c3a3" name="IUserSettings" namespace="Composite.Data.Types" isCodeGenerated="false" cachable="false" searchable="false" labelFieldName="Username" typeManagerTypeName="Composite.Data.Types.IUserSettings,Composite">
  <DataAssociations />
  <DataScopes>
    <DataScopeIdentifier name="public" />
  </DataScopes>
  <KeyPropertyNames>
    <KeyPropertyName name="Username" />
  </KeyPropertyNames>
  <SuperInterfaces />
  <Fields>
    <DataFieldDescriptor id="a7bec71e-0ca9-4b33-a1e7-f2b5b5744647" name="Username" isNullable="false" position="1000" groupByPriority="0" inherited="false" instanceType="System.String, mscorlib, Version=4.0.0.0, Culture=neutral, PublicKeyToken=b77a5c561934e089" storeType="PhysicalStoreType='String'Length='64'" isReadOnly="false" foreignKeyReferenceTypeName="Composite.Data.Types.IUser,Composite">
      <FormRenderingProfile />
    </DataFieldDescriptor>
    <DataFieldDescriptor id="9d62c8d3-e42f-4926-8e45-5b465a59c8a6" name="CultureName" isNullable="false" position="1000" groupByPriority="0" inherited="false" instanceType="System.String, mscorlib, Version=4.0.0.0, Culture=neutral, PublicKeyToken=b77a5c561934e089" storeType="PhysicalStoreType='String'Length='16'" isReadOnly="false">
      <FormRenderingProfile />
    </DataFieldDescriptor>
    <DataFieldDescriptor id="f1bc3d80-ad86-4730-a6ee-65e19befd443" name="C1ConsoleUiLanguage" isNullable="false" position="1000" groupByPriority="0" inherited="false" instanceType="System.String, mscorlib, Version=4.0.0.0, Culture=neutral, PublicKeyToken=b77a5c561934e089" storeType="PhysicalStoreType='String'Length='16'" isReadOnly="false" defaultValue="ValueType='String'Value='en-US'">
      <FormRenderingProfile />
    </DataFieldDescriptor>
    <DataFieldDescriptor id="931130a1-5cdd-487a-b51f-76a0396d3216" name="CurrentActiveLocaleCultureName" isNullable="true" position="1000" groupByPriority="0" inherited="false" instanceType="System.String, mscorlib, Version=4.0.0.0, Culture=neutral, PublicKeyToken=b77a5c561934e089" storeType="PhysicalStoreType='String'Length='16'" isReadOnly="false">
      <FormRenderingProfile />
    </DataFieldDescriptor>
    <DataFieldDescriptor id="0d354a92-461d-4ff8-b797-f2897119cd3b" name="ForeignLocaleCultureName" isNullable="true" position="1000" groupByPriority="0" inherited="false" instanceType="System.String, mscorlib, Version=4.0.0.0, Culture=neutral, PublicKeyToken=b77a5c561934e089" storeType="PhysicalStoreType='String'Length='16'" isReadOnly="false">
      <FormRenderingProfile />
    </DataFieldDescriptor>
  </Fields>
</DataTypeDescriptor>