﻿<?xml version="1.0" encoding="utf-8"?>
<DataTypeDescriptor dataTypeId="7b54d7d2-6be6-48a6-9ae1-2e0373073d1d" name="IXmlPageTemplate" namespace="Composite.Data.Types" isCodeGenerated="false" cachable="false" searchable="false" labelFieldName="Title" typeManagerTypeName="Composite.Data.Types.IXmlPageTemplate,Composite">
  <DataAssociations />
  <DataScopes>
    <DataScopeIdentifier name="public" />
  </DataScopes>
  <KeyPropertyNames>
    <KeyPropertyName name="Id" />
  </KeyPropertyNames>
  <SuperInterfaces />
  <Fields>
    <DataFieldDescriptor id="e94fde4d-7fdb-4b0e-a320-83ee73a73397" name="Id" isNullable="false" position="1000" groupByPriority="0" inherited="false" instanceType="System.Guid, mscorlib, Version=4.0.0.0, Culture=neutral, PublicKeyToken=b77a5c561934e089" storeType="PhysicalStoreType='Guid'" isReadOnly="false">
      <FormRenderingProfile />
    </DataFieldDescriptor>
    <DataFieldDescriptor id="bf377cd5-a96f-44f1-91af-cf2e6f530e61" name="Title" isNullable="false" position="1000" groupByPriority="0" inherited="false" instanceType="System.String, mscorlib, Version=4.0.0.0, Culture=neutral, PublicKeyToken=b77a5c561934e089" storeType="PhysicalStoreType='String'Length='249'" isReadOnly="false">
      <FormRenderingProfile />
    </DataFieldDescriptor>
    <DataFieldDescriptor id="0f654e1f-1453-428f-9ec9-7cc9cfbd59dc" name="PageTemplateFilePath" isNullable="false" position="1000" groupByPriority="0" inherited="false" instanceType="System.String, mscorlib, Version=4.0.0.0, Culture=neutral, PublicKeyToken=b77a5c561934e089" storeType="PhysicalStoreType='String'Length='255'" isReadOnly="false">
      <FormRenderingProfile />
    </DataFieldDescriptor>
  </Fields>
</DataTypeDescriptor>