﻿<?xml version="1.0" encoding="utf-8"?>
<DataTypeDescriptor dataTypeId="26b06e29-abdc-4751-997a-4e5c5816ee32" name="MachineListSelector" namespace="Kobelco" title="Machine List Selector" isCodeGenerated="true" cachable="false" searchable="false" labelFieldName="ModelClass" typeManagerTypeName="Kobelco.MachineListSelector">
  <DataAssociations />
  <DataScopes>
    <DataScopeIdentifier name="public" />
    <DataScopeIdentifier name="administrated" />
  </DataScopes>
  <KeyPropertyNames>
    <KeyPropertyName name="Id" />
  </KeyPropertyNames>
  <VersionKeyPropertyNames>
    <VersionKeyPropertyName name="VersionId" />
  </VersionKeyPropertyNames>
  <SuperInterfaces>
    <SuperInterface type="Composite.Data.ProcessControlled.ILocalizedControlled,Composite" />
    <SuperInterface type="Composite.Data.ProcessControlled.IProcessControlled,Composite" />
    <SuperInterface type="Composite.Data.IPageMetaData,Composite" />
    <SuperInterface type="Composite.Data.IPageData,Composite" />
    <SuperInterface type="Composite.Data.IPageRelatedData,Composite" />
    <SuperInterface type="Composite.Data.ProcessControlled.IPublishControlled,Composite" />
    <SuperInterface type="Composite.Data.Types.IVersioned,Composite" />
  </SuperInterfaces>
  <Fields>
    <DataFieldDescriptor id="aa3a8f62-fae5-45d3-bd98-a4396f744e15" name="ModelClass" isNullable="true" position="0" groupByPriority="0" inherited="false" instanceType="&lt;t n=&quot;System.Nullable`1, mscorlib, Version=4.0.0.0, Culture=neutral, PublicKeyToken=b77a5c561934e089&quot;&gt;&#xD;&#xA;  &lt;t n=&quot;System.Guid, mscorlib, Version=4.0.0.0, Culture=neutral, PublicKeyToken=b77a5c561934e089&quot; /&gt;&#xD;&#xA;&lt;/t&gt;" storeType="PhysicalStoreType='Guid'" isReadOnly="false" foreignKeyReferenceTypeName="Kobelco.SizeClasses">
      <FormRenderingProfile label="Model Class" helpText="" widgetFunctionMarkup="&lt;f:widgetfunction xmlns:f=&quot;http://www.composite.net/ns/function/1.0&quot; name=&quot;Composite.Widgets.DataReference.KobelcoSizeClasses.OptionalSelector&quot; /&gt;" />
      <ValidationFunctionMarkups />
    </DataFieldDescriptor>
    <DataFieldDescriptor id="48441a3c-d20f-4afb-85c2-3f1fe4b6573e" name="Region" isNullable="true" position="1" groupByPriority="0" inherited="false" instanceType="System.String, mscorlib, Version=4.0.0.0, Culture=neutral, PublicKeyToken=b77a5c561934e089" storeType="PhysicalStoreType='String'Length='64'" isReadOnly="false">
      <FormRenderingProfile label="Region" helpText="" widgetFunctionMarkup="&lt;f:widgetfunction xmlns:f=&quot;http://www.composite.net/ns/function/1.0&quot; name=&quot;Composite.Widgets.String.Selector&quot;&gt;&lt;f:param xmlns:f=&quot;http://www.composite.net/ns/function/1.0&quot; name=&quot;Options&quot;&gt;&lt;f:function xmlns:f=&quot;http://www.composite.net/ns/function/1.0&quot; name=&quot;Composite.Utils.String.Split&quot;&gt;&lt;f:param name=&quot;String&quot; value=&quot;North America,Latin America&quot; /&gt;&lt;/f:function&gt;&lt;/f:param&gt;&lt;/f:widgetfunction&gt;" />
      <ValidationFunctionMarkups />
    </DataFieldDescriptor>
    <DataFieldDescriptor id="fab1cf0c-66b0-11dc-a47e-cf6356d89593" name="PublicationStatus" isNullable="false" position="50" groupByPriority="0" inherited="true" instanceType="System.String, mscorlib, Version=4.0.0.0, Culture=neutral, PublicKeyToken=b77a5c561934e089" storeType="PhysicalStoreType='String'Length='64'" isReadOnly="false" defaultValue="ValueType='String'Value=''">
      <FormRenderingProfile />
    </DataFieldDescriptor>
    <DataFieldDescriptor id="0456ebb0-7fb1-46cd-9a23-4ae9aa3337fa" name="SourceCultureName" isNullable="false" position="1000" groupByPriority="0" inherited="true" instanceType="System.String, mscorlib, Version=4.0.0.0, Culture=neutral, PublicKeyToken=b77a5c561934e089" storeType="PhysicalStoreType='String'Length='16'" isReadOnly="false" defaultValue="ValueType='String'Value=''">
      <FormRenderingProfile />
    </DataFieldDescriptor>
    <DataFieldDescriptor id="b2a5ee23-848d-4d0b-a801-fdf68f9f899e" name="FieldName" isNullable="false" position="1000" groupByPriority="0" inherited="true" instanceType="System.String, mscorlib, Version=4.0.0.0, Culture=neutral, PublicKeyToken=b77a5c561934e089" storeType="PhysicalStoreType='String'Length='128'" isReadOnly="false">
      <FormRenderingProfile />
    </DataFieldDescriptor>
    <DataFieldDescriptor id="f6df85e4-c577-49e5-acd9-8be8958736d6" name="Id" isNullable="false" position="1000" groupByPriority="0" inherited="true" instanceType="System.Guid, mscorlib, Version=4.0.0.0, Culture=neutral, PublicKeyToken=b77a5c561934e089" storeType="PhysicalStoreType='Guid'" isReadOnly="false">
      <FormRenderingProfile />
    </DataFieldDescriptor>
    <DataFieldDescriptor id="f641ec01-75bb-49ec-b02a-969d6be59a5f" name="PageId" isNullable="false" position="1000" groupByPriority="0" inherited="true" instanceType="System.Guid, mscorlib, Version=4.0.0.0, Culture=neutral, PublicKeyToken=b77a5c561934e089" storeType="PhysicalStoreType='Guid'" isReadOnly="false" foreignKeyReferenceTypeName="Composite.Data.Types.IPage,Composite">
      <FormRenderingProfile />
    </DataFieldDescriptor>
    <DataFieldDescriptor id="f42d511b-1d76-4c05-a895-99f23b757e1e" name="VersionId" isNullable="false" position="1000" groupByPriority="0" inherited="true" instanceType="System.Guid, mscorlib, Version=4.0.0.0, Culture=neutral, PublicKeyToken=b77a5c561934e089" storeType="PhysicalStoreType='Guid'" isReadOnly="false" defaultValue="ValueType='NewGuid'">
      <FormRenderingProfile />
    </DataFieldDescriptor>
  </Fields>
</DataTypeDescriptor>