﻿<?xml version="1.0" encoding="utf-8"?>
<DataTypeDescriptor dataTypeId="127534a8-1771-4668-bd04-ac0762f40cae" name="Options" namespace="Kobelco" title="Options" isCodeGenerated="true" cachable="false" searchable="true" labelFieldName="Logo" typeManagerTypeName="Kobelco.Options">
  <DataAssociations />
  <DataScopes>
    <DataScopeIdentifier name="public" />
  </DataScopes>
  <KeyPropertyNames>
    <KeyPropertyName name="Id" />
  </KeyPropertyNames>
  <SuperInterfaces />
  <Fields>
    <DataFieldDescriptor id="75b88344-5ff7-4202-b027-4a16349190af" name="Id" isNullable="false" position="0" groupByPriority="0" inherited="false" instanceType="System.Guid, mscorlib, Version=4.0.0.0, Culture=neutral, PublicKeyToken=b77a5c561934e089" storeType="PhysicalStoreType='Guid'" isReadOnly="false">
      <FormRenderingProfile label="Id" />
      <DataUrlProfile Order="0" />
    </DataFieldDescriptor>
    <DataFieldDescriptor id="c3ce5dda-b691-4e45-9dd8-81a24c1db682" name="Logo" isNullable="false" position="0" groupByPriority="0" inherited="false" instanceType="System.String, mscorlib, Version=4.0.0.0, Culture=neutral, PublicKeyToken=b77a5c561934e089" storeType="PhysicalStoreType='String'Length='2048'" isReadOnly="false" defaultValue="ValueType='String'Value=''" foreignKeyReferenceTypeName="Composite.Data.Types.IImageFile,Composite">
      <FormRenderingProfile label="Logo" helpText="" widgetFunctionMarkup="&lt;f:widgetfunction xmlns:f=&quot;http://www.composite.net/ns/function/1.0&quot; name=&quot;Composite.Widgets.ImageSelector&quot;&gt;&lt;f:param name=&quot;Required&quot; value=&quot;True&quot; /&gt;&lt;/f:widgetfunction&gt;" />
    </DataFieldDescriptor>
    <DataFieldDescriptor id="fb0172ae-3d46-41e5-a859-83e71dee9995" name="LogoRetina" isNullable="true" position="1" groupByPriority="0" inherited="false" instanceType="System.String, mscorlib, Version=4.0.0.0, Culture=neutral, PublicKeyToken=b77a5c561934e089" storeType="PhysicalStoreType='String'Length='2048'" isReadOnly="false" foreignKeyReferenceTypeName="Composite.Data.Types.IImageFile,Composite">
      <FormRenderingProfile label="Retina Logo" helpText="" widgetFunctionMarkup="&lt;f:widgetfunction xmlns:f=&quot;http://www.composite.net/ns/function/1.0&quot; name=&quot;Composite.Widgets.ImageSelector&quot;&gt;&lt;f:param name=&quot;Required&quot; value=&quot;False&quot; /&gt;&lt;/f:widgetfunction&gt;" />
    </DataFieldDescriptor>
    <DataFieldDescriptor id="99723c59-35b4-4e59-b4cd-7fa67bef17c9" name="TitlePrefix" isNullable="true" position="2" groupByPriority="0" inherited="false" instanceType="System.String, mscorlib, Version=4.0.0.0, Culture=neutral, PublicKeyToken=b77a5c561934e089" storeType="PhysicalStoreType='String'Length='64'" isReadOnly="false">
      <FormRenderingProfile label="Title Prefix" helpText="" widgetFunctionMarkup="&lt;f:widgetfunction xmlns:f=&quot;http://www.composite.net/ns/function/1.0&quot; name=&quot;Composite.Widgets.String.TextBox&quot; /&gt;" />
    </DataFieldDescriptor>
    <DataFieldDescriptor id="53822dde-a23b-4d66-90ea-3dd19ca47a1e" name="TitleSuffix" isNullable="true" position="3" groupByPriority="0" inherited="false" instanceType="System.String, mscorlib, Version=4.0.0.0, Culture=neutral, PublicKeyToken=b77a5c561934e089" storeType="PhysicalStoreType='String'Length='64'" isReadOnly="false">
      <FormRenderingProfile label="Title Suffix" helpText="" widgetFunctionMarkup="&lt;f:widgetfunction xmlns:f=&quot;http://www.composite.net/ns/function/1.0&quot; name=&quot;Composite.Widgets.String.TextBox&quot; /&gt;" />
    </DataFieldDescriptor>
  </Fields>
</DataTypeDescriptor>