﻿<?xml version="1.0" encoding="utf-8"?>
<DataTypeDescriptor dataTypeId="818a2188-c15f-4fc3-b189-b10de251f34a" name="SeoSettings" namespace="Kobelco" title="SEO Settings" isCodeGenerated="true" cachable="false" searchable="false" labelFieldName="Title" typeManagerTypeName="Kobelco.SeoSettings">
  <DataAssociations />
  <DataScopes>
    <DataScopeIdentifier name="public" />
    <DataScopeIdentifier name="administrated" />
  </DataScopes>
  <KeyPropertyNames>
    <KeyPropertyName name="Id" />
  </KeyPropertyNames>
  <VersionKeyPropertyNames>
    <VersionKeyPropertyName name="VersionId" />
  </VersionKeyPropertyNames>
  <SuperInterfaces>
    <SuperInterface type="Composite.Data.ProcessControlled.ILocalizedControlled,Composite" />
    <SuperInterface type="Composite.Data.ProcessControlled.IProcessControlled,Composite" />
    <SuperInterface type="Composite.Data.IPageMetaData,Composite" />
    <SuperInterface type="Composite.Data.IPageData,Composite" />
    <SuperInterface type="Composite.Data.IPageRelatedData,Composite" />
    <SuperInterface type="Composite.Data.ProcessControlled.IPublishControlled,Composite" />
    <SuperInterface type="Composite.Data.Types.IVersioned,Composite" />
  </SuperInterfaces>
  <Fields>
    <DataFieldDescriptor id="c43293ec-a743-4385-809f-b943f40edb16" name="Title" isNullable="true" position="0" groupByPriority="0" inherited="false" instanceType="System.String, mscorlib, Version=4.0.0.0, Culture=neutral, PublicKeyToken=b77a5c561934e089" storeType="PhysicalStoreType='String'Length='256'" isReadOnly="false">
      <FormRenderingProfile label="Title" helpText="Title that is displayed in the browser tab as well as search engine results." widgetFunctionMarkup="&lt;f:widgetfunction xmlns:f=&quot;http://www.composite.net/ns/function/1.0&quot; name=&quot;Composite.Widgets.String.TextBox&quot; /&gt;" />
      <ValidationFunctionMarkups />
    </DataFieldDescriptor>
    <DataFieldDescriptor id="4cfb0712-3eda-4c7a-b45d-5c8b4c5db8dd" name="Description" isNullable="true" position="1" groupByPriority="0" inherited="false" instanceType="System.String, mscorlib, Version=4.0.0.0, Culture=neutral, PublicKeyToken=b77a5c561934e089" storeType="PhysicalStoreType='String'Length='256'" isReadOnly="false">
      <FormRenderingProfile label="Description" helpText="Description of the page that is displayed in search results as well as when shared on social sites." widgetFunctionMarkup="&lt;f:widgetfunction xmlns:f=&quot;http://www.composite.net/ns/function/1.0&quot; name=&quot;Composite.Widgets.String.TextBox&quot; /&gt;" />
      <ValidationFunctionMarkups />
    </DataFieldDescriptor>
    <DataFieldDescriptor id="37d30220-5d63-468b-b538-8670e3e53295" name="ShowTitlePrefix" isNullable="false" position="2" groupByPriority="0" inherited="false" instanceType="System.Boolean, mscorlib, Version=4.0.0.0, Culture=neutral, PublicKeyToken=b77a5c561934e089" storeType="PhysicalStoreType='Boolean'" isReadOnly="false" defaultValue="ValueType='Boolean'Value='False'">
      <FormRenderingProfile label="Show Title Prefix?" helpText="Check here to display the title prefix that is set in the Options. Default is FALSE." widgetFunctionMarkup="&lt;f:widgetfunction xmlns:f=&quot;http://www.composite.net/ns/function/1.0&quot; name=&quot;Composite.Widgets.Bool.CheckBox&quot; /&gt;" />
      <ValidationFunctionMarkups />
    </DataFieldDescriptor>
    <DataFieldDescriptor id="ce437c73-3390-403d-af18-f5f3a8c18447" name="ShowTitleSuffix" isNullable="false" position="3" groupByPriority="0" inherited="false" instanceType="System.Boolean, mscorlib, Version=4.0.0.0, Culture=neutral, PublicKeyToken=b77a5c561934e089" storeType="PhysicalStoreType='Boolean'" isReadOnly="false" newInstanceDefaultFieldValue="&lt;f:function xmlns:f=&quot;http://www.composite.net/ns/function/1.0&quot; name=&quot;Composite.Constant.Boolean&quot;&gt;&lt;f:param name=&quot;Constant&quot; value=&quot;True&quot; /&gt;&lt;/f:function&gt;" defaultValue="ValueType='Boolean'Value='False'">
      <FormRenderingProfile label="Show Title Suffix?" helpText="Check here to display the title suffix that is set in the Options. Default is TRUE." widgetFunctionMarkup="&lt;f:widgetfunction xmlns:f=&quot;http://www.composite.net/ns/function/1.0&quot; name=&quot;Composite.Widgets.Bool.CheckBox&quot; /&gt;" />
      <ValidationFunctionMarkups />
    </DataFieldDescriptor>
    <DataFieldDescriptor id="fab1cf0c-66b0-11dc-a47e-cf6356d89593" name="PublicationStatus" isNullable="false" position="50" groupByPriority="0" inherited="true" instanceType="System.String, mscorlib, Version=4.0.0.0, Culture=neutral, PublicKeyToken=b77a5c561934e089" storeType="PhysicalStoreType='String'Length='64'" isReadOnly="false" defaultValue="ValueType='String'Value=''">
      <FormRenderingProfile />
    </DataFieldDescriptor>
    <DataFieldDescriptor id="0456ebb0-7fb1-46cd-9a23-4ae9aa3337fa" name="SourceCultureName" isNullable="false" position="1000" groupByPriority="0" inherited="true" instanceType="System.String, mscorlib, Version=4.0.0.0, Culture=neutral, PublicKeyToken=b77a5c561934e089" storeType="PhysicalStoreType='String'Length='16'" isReadOnly="false" defaultValue="ValueType='String'Value=''">
      <FormRenderingProfile />
    </DataFieldDescriptor>
    <DataFieldDescriptor id="b2a5ee23-848d-4d0b-a801-fdf68f9f899e" name="FieldName" isNullable="false" position="1000" groupByPriority="0" inherited="true" instanceType="System.String, mscorlib, Version=4.0.0.0, Culture=neutral, PublicKeyToken=b77a5c561934e089" storeType="PhysicalStoreType='String'Length='128'" isReadOnly="false">
      <FormRenderingProfile />
    </DataFieldDescriptor>
    <DataFieldDescriptor id="f6df85e4-c577-49e5-acd9-8be8958736d6" name="Id" isNullable="false" position="1000" groupByPriority="0" inherited="true" instanceType="System.Guid, mscorlib, Version=4.0.0.0, Culture=neutral, PublicKeyToken=b77a5c561934e089" storeType="PhysicalStoreType='Guid'" isReadOnly="false">
      <FormRenderingProfile />
    </DataFieldDescriptor>
    <DataFieldDescriptor id="f641ec01-75bb-49ec-b02a-969d6be59a5f" name="PageId" isNullable="false" position="1000" groupByPriority="0" inherited="true" instanceType="System.Guid, mscorlib, Version=4.0.0.0, Culture=neutral, PublicKeyToken=b77a5c561934e089" storeType="PhysicalStoreType='Guid'" isReadOnly="false" foreignKeyReferenceTypeName="Composite.Data.Types.IPage,Composite">
      <FormRenderingProfile />
    </DataFieldDescriptor>
    <DataFieldDescriptor id="f42d511b-1d76-4c05-a895-99f23b757e1e" name="VersionId" isNullable="false" position="1000" groupByPriority="0" inherited="true" instanceType="System.Guid, mscorlib, Version=4.0.0.0, Culture=neutral, PublicKeyToken=b77a5c561934e089" storeType="PhysicalStoreType='Guid'" isReadOnly="false" defaultValue="ValueType='NewGuid'">
      <FormRenderingProfile />
    </DataFieldDescriptor>
  </Fields>
</DataTypeDescriptor>