﻿<?xml version="1.0" encoding="utf-8"?>
<DataTypeDescriptor dataTypeId="5fc47325-5a33-4e24-b142-868f5fa169d7" name="Slides" namespace="Kobelco" title="Slides" isCodeGenerated="true" cachable="false" searchable="true" labelFieldName="Media" typeManagerTypeName="Kobelco.Slides">
  <DataAssociations />
  <DataScopes>
    <DataScopeIdentifier name="public" />
    <DataScopeIdentifier name="administrated" />
  </DataScopes>
  <KeyPropertyNames>
    <KeyPropertyName name="Id" />
  </KeyPropertyNames>
  <SuperInterfaces>
    <SuperInterface type="Composite.Data.ProcessControlled.IProcessControlled,Composite" />
    <SuperInterface type="Composite.Data.IPageDataFolder,Composite" />
    <SuperInterface type="Composite.Data.IPageRelatedData,Composite" />
    <SuperInterface type="Composite.Data.ProcessControlled.IPublishControlled,Composite" />
  </SuperInterfaces>
  <Fields>
    <DataFieldDescriptor id="ce4fcb6f-0bd7-4b4a-9cfa-7bb53ce2253f" name="Id" isNullable="false" position="0" groupByPriority="0" inherited="false" instanceType="System.Guid, mscorlib, Version=4.0.0.0, Culture=neutral, PublicKeyToken=b77a5c561934e089" storeType="PhysicalStoreType='Guid'" isReadOnly="false">
      <FormRenderingProfile label="Id" />
      <DataUrlProfile Order="0" />
      <ValidationFunctionMarkups />
    </DataFieldDescriptor>
    <DataFieldDescriptor id="b8a33eeb-5ee2-4fbe-a500-d9a1c8120fd5" name="Media" isNullable="false" position="0" groupByPriority="0" inherited="false" instanceType="System.String, mscorlib, Version=4.0.0.0, Culture=neutral, PublicKeyToken=b77a5c561934e089" storeType="PhysicalStoreType='String'Length='2048'" isReadOnly="false" defaultValue="ValueType='String'Value=''" foreignKeyReferenceTypeName="Composite.Data.Types.IMediaFile,Composite">
      <FormRenderingProfile label="Image/Video" helpText="Make sure to check the Is Video? box if this is an .mp4 video." widgetFunctionMarkup="&lt;f:widgetfunction xmlns:f=&quot;http://www.composite.net/ns/function/1.0&quot; name=&quot;Composite.Widgets.MediaFileSelector&quot;&gt;&lt;f:param name=&quot;Required&quot; value=&quot;True&quot; /&gt;&lt;/f:widgetfunction&gt;" />
      <ValidationFunctionMarkups />
    </DataFieldDescriptor>
    <DataFieldDescriptor id="20af9da9-59aa-43eb-952e-1b75440f6fc7" name="Content" isNullable="false" position="1" groupByPriority="0" inherited="false" instanceType="System.String, mscorlib, Version=4.0.0.0, Culture=neutral, PublicKeyToken=b77a5c561934e089" storeType="PhysicalStoreType='LargeString'" isReadOnly="false" newInstanceDefaultFieldValue="&lt;f:function xmlns:f=&quot;http://www.composite.net/ns/function/1.0&quot; name=&quot;Composite.Constant.XhtmlDocument&quot;&gt;&lt;f:param name=&quot;Constant&quot;&gt;&lt;html xmlns=&quot;http://www.w3.org/1999/xhtml&quot;&gt;&lt;head /&gt;&lt;body /&gt;&lt;/html&gt;&lt;/f:param&gt;&lt;/f:function&gt;" defaultValue="ValueType='String'Value=''">
      <FormRenderingProfile label="Content" helpText="Copy for the slides. Can contain other functions when necessary (i.e. Buttons)." widgetFunctionMarkup="&lt;f:widgetfunction xmlns:f=&quot;http://www.composite.net/ns/function/1.0&quot; name=&quot;Composite.Widgets.XhtmlDocument.VisualXhtmlEditor&quot; /&gt;" />
      <ValidationFunctionMarkups />
    </DataFieldDescriptor>
    <DataFieldDescriptor id="5cbfb4b4-0e36-4baf-bc4b-413d6ff83aae" name="IsVideo" isNullable="false" position="2" groupByPriority="0" inherited="false" instanceType="System.Boolean, mscorlib, Version=4.0.0.0, Culture=neutral, PublicKeyToken=b77a5c561934e089" storeType="PhysicalStoreType='Boolean'" isReadOnly="false" defaultValue="ValueType='Boolean'Value='False'">
      <FormRenderingProfile label="Contains Video?" helpText="Check this is this particular slide is a video." widgetFunctionMarkup="&lt;f:widgetfunction xmlns:f=&quot;http://www.composite.net/ns/function/1.0&quot; name=&quot;Composite.Widgets.Bool.CheckBox&quot; /&gt;" />
      <ValidationFunctionMarkups />
    </DataFieldDescriptor>
    <DataFieldDescriptor id="b679a704-648e-4ddf-9dec-2fc245764773" name="VideoPoster" isNullable="true" position="3" groupByPriority="0" inherited="false" instanceType="System.String, mscorlib, Version=4.0.0.0, Culture=neutral, PublicKeyToken=b77a5c561934e089" storeType="PhysicalStoreType='String'Length='2048'" isReadOnly="false" foreignKeyReferenceTypeName="Composite.Data.Types.IImageFile,Composite">
      <FormRenderingProfile label="Video Poster" helpText="Only use this if the Is Video checkbox is checked." widgetFunctionMarkup="&lt;f:widgetfunction xmlns:f=&quot;http://www.composite.net/ns/function/1.0&quot; name=&quot;Composite.Widgets.ImageSelector&quot;&gt;&lt;f:param name=&quot;Required&quot; value=&quot;False&quot; /&gt;&lt;/f:widgetfunction&gt;" />
    </DataFieldDescriptor>
    <DataFieldDescriptor id="fab1cf0c-66b0-11dc-a47e-cf6356d89593" name="PublicationStatus" isNullable="false" position="50" groupByPriority="0" inherited="true" instanceType="System.String, mscorlib, Version=4.0.0.0, Culture=neutral, PublicKeyToken=b77a5c561934e089" storeType="PhysicalStoreType='String'Length='64'" isReadOnly="false" defaultValue="ValueType='String'Value=''">
      <FormRenderingProfile />
    </DataFieldDescriptor>
    <DataFieldDescriptor id="f641ec01-75bb-49ec-b02a-969d6be59a5f" name="PageId" isNullable="false" position="1000" groupByPriority="0" inherited="true" instanceType="System.Guid, mscorlib, Version=4.0.0.0, Culture=neutral, PublicKeyToken=b77a5c561934e089" storeType="PhysicalStoreType='Guid'" isReadOnly="false" foreignKeyReferenceTypeName="Composite.Data.Types.IPage,Composite">
      <FormRenderingProfile />
    </DataFieldDescriptor>
  </Fields>
</DataTypeDescriptor>